 Xsub,           1 ,           2 ,           3
 -,   2.0000002399374370      ,   1.9999998766667968      ,   1.9999999577674374     
