 Xsub,           1 ,           2 ,           3
 -,   2.0000022533027626      ,   1.9999987059780311      ,   1.9999995128691479     
