 Xsub,           1 ,           2 ,           3
 -,   1.9999999999999993      ,   1.9999999999999991      ,   1.9999999999999996     
